PassengerId,Survived,Pclass,Name,Sex,Age,SibSp,Parch,Ticket,Fare,Cabin,Embarked
178,0,1,"Isham, Miss. Ann Elizabeth",female,50.0,0,0,PC 17595,28.7125,C49,C
298,0,1,"Allison, Miss. Helen Loraine",female,2.0,1,2,113781,151.55,C22 C26,S
499,0,1,"Allison, Mrs. Hudson J C (Bessie Waldo Daniels)",female,25.0,1,2,113781,151.55,C22 C26,S
557,1,1,"Duff Gordon, Lady. (Lucille Christiana Sutherland) (""Mrs Morgan"")",female,48.0,1,0,11755,39.6,A16,C
760,1,1,"Rothes, the Countess. of (Lucy Noel Martha Dyer-Edwards)",female,33.0,0,0,110152,86.5,B77,S
797,1,1,"Leader, Dr. Alice (Farnham)",female,49.0,0,0,17465,25.9292,D17,S
42,0,2,"Turpin, Mrs. William John Robert (Dorothy Ann Wonnacott)",female,27.0,1,0,11668,21.0,,S
200,0,2,"Yrois, Miss. Henriette (""Mrs Harbeck"")",female,24.0,0,0,248747,13.0,,S
313,0,2,"Lahtinen, Mrs. William (Anna Sylfven)",female,26.0,1,1,250651,26.0,,S
358,0,2,"Funk, Miss. Annie Clemmer",female,38.0,0,0,237671,13.0,,S
773,0,2,"Mack, Mrs. (Mary)",female,57.0,0,0,S.O./P.P. 3,10.5,E77,S
855,0,2,"Carter, Mrs. Ernest Courtenay (Lilian Hughes)",female,44.0,1,0,244252,26.0,,S
15,0,3,"Vestrom, Miss. Hulda Amanda Adolfina",female,14.0,0,0,350406,7.8542,,S
19,0,3,"Vander Planke, Mrs. Julius (Emelia Maria Vandemoortele)",female,31.0,1,0,345763,18.0,,S
26,1,3,"Asplund, Mrs. Carl Oscar (Selma Augusta Emilia Johansson)",female,38.0,1,5,347077,31.3875,,S
39,0,3,"Vander Planke, Miss. Augusta Maria",female,18.0,2,0,345764,18.0,,S
41,0,3,"Ahlin, Mrs. Johan (Johanna Persdotter Larsson)",female,40.0,1,0,7546,9.475,,S
50,0,3,"Arnold-Franchi, Mrs. Josef (Josefine Franchi)",female,18.0,1,0,349237,17.8,,S
69,1,3,"Andersson, Miss. Erna Alexandra",female,17.0,4,2,3101281,7.925,,S
101,0,3,"Petranec, Miss. Matilda",female,28.0,0,0,349245,7.8958,,S
112,0,3,"Zabour, Miss. Hileni",female,14.5,1,0,2665,14.4542,,C
114,0,3,"Jussila, Miss. Katriina",female,20.0,1,0,4136,9.825,,S
115,0,3,"Attalah, Miss. Malake",female,17.0,0,0,2627,14.4583,,C
133,0,3,"Robins, Mrs. Alexander A (Grace Charity Laury)",female,47.0,1,0,A/5. 3337,14.5,,S
141,0,3,"Boulos, Mrs. Joseph (Sultana)",female,,0,2,2678,15.2458,,C
206,0,3,"Strom, Miss. Telma Matilda",female,2.0,0,1,347054,10.4625,G6,S
234,1,3,"Asplund, Miss. Lillian Gertrud",female,5.0,4,2,347077,31.3875,,S
236,0,3,"Harknett, Miss. Alice Phoebe",female,,0,0,W./C. 6609,7.55,,S
241,0,3,"Zabour, Miss. Thamine",female,,1,0,2665,14.4542,,C
247,0,3,"Lindahl, Miss. Agda Thorilda Viktoria",female,25.0,0,0,347071,7.775,,S
252,0,3,"Strom, Mrs. Wilhelm (Elna Matilda Persson)",female,29.0,1,1,347054,10.4625,G6,S
255,0,3,"Rosblom, Mrs. Viktor (Helena Wilhelmina)",female,41.0,0,2,370129,20.2125,,S
265,0,3,"Henry, Miss. Delia",female,,0,0,382649,7.75,,Q
277,0,3,"Lindblom, Miss. Augusta Charlotta",female,45.0,0,0,347073,7.75,,S
294,0,3,"Haas, Miss. Aloisia",female,24.0,0,0,349236,8.85,,S
363,0,3,"Barbara, Mrs. (Catherine David)",female,45.0,0,1,2691,14.4542,,C
397,0,3,"Olsson, Miss. Elina",female,31.0,0,0,350407,7.8542,,S
403,0,3,"Jussila, Miss. Mari Aina",female,21.0,1,0,4137,9.825,,S
405,0,3,"Oreskovic, Miss. Marija",female,20.0,0,0,315096,8.6625,,S
416,0,3,"Meek, Mrs. Thomas (Annie Louise Rowley)",female,,0,0,343095,8.05,,S
420,0,3,"Van Impe, Miss. Catharina",female,10.0,0,2,345773,24.15,,S
424,0,3,"Danbom, Mrs. Ernst Gilbert (Anna Sigrid Maria Brogren)",female,28.0,1,1,347080,14.4,,S
475,0,3,"Strandberg, Miss. Ida Sofia",female,22.0,0,0,7553,9.8375,,S
502,0,3,"Canavan, Miss. Mary",female,21.0,0,0,364846,7.75,,Q
503,0,3,"O'Sullivan, Miss. Bridget Mary",female,,0,0,330909,7.6292,,Q
504,0,3,"Laitinen, Miss. Kristina Sofia",female,37.0,0,0,4135,9.5875,,S
535,0,3,"Cacic, Miss. Marija",female,30.0,0,0,315084,8.6625,,S
565,0,3,"Meanwell, Miss. (Marion Ogden)",female,,0,0,SOTON/O.Q. 392087,8.05,,S
579,0,3,"Caram, Mrs. Joseph (Maria Elias)",female,,1,0,2689,14.4583,,C
594,0,3,"Bourke, Miss. Mary",female,,0,2,364848,7.75,,Q
618,0,3,"Lobb, Mrs. William Arthur (Cordelia K Stanlick)",female,26.0,1,0,A/5. 3336,16.1,,S
655,0,3,"Hegarty, Miss. Hanora ""Nora""",female,18.0,0,0,365226,6.75,,Q
658,0,3,"Bourke, Mrs. John (Catherine)",female,32.0,1,1,364849,15.5,,Q
681,0,3,"Peters, Miss. Katie",female,,0,0,330935,8.1375,,Q
703,0,3,"Barbara, Miss. Saiide",female,18.0,0,1,2691,14.4542,,C
730,0,3,"Ilmakangas, Miss. Pieta Sofia",female,25.0,1,0,STON/O2. 3101271,7.925,,S
768,0,3,"Mangan, Miss. Mary",female,30.5,0,0,364850,7.75,,Q
800,0,3,"Van Impe, Mrs. Jean Baptiste (Rosalie Paula Govaert)",female,30.0,1,1,345773,24.15,,S
808,0,3,"Pettersson, Miss. Ellen Natalia",female,18.0,0,0,347087,7.775,,S
817,0,3,"Heininen, Miss. Wendla Maria",female,23.0,0,0,STON/O2. 3101290,7.925,,S
853,0,3,"Boulos, Miss. Nourelain",female,9.0,1,1,2678,15.2458,,C
883,0,3,"Dahlberg, Miss. Gerda Ulrika",female,22.0,0,0,7552,10.5167,,S
24,1,1,"Sloper, Mr. William Thompson",male,28.0,0,0,113788,35.5,A6,S
56,1,1,"Woolner, Mr. Hugh",male,,0,0,19947,35.5,C52,S
98,1,1,"Greenfield, Mr. William Bertram",male,23.0,0,1,PC 17759,63.3583,D10 D12,C
188,1,1,"Romaine, Mr. Charles Hallace (""Mr C Rolmane"")",male,45.0,0,0,111428,26.55,,S
210,1,1,"Blank, Mr. Henry",male,40.0,0,0,112277,31.0,A31,C
225,1,1,"Hoyt, Mr. Frederick Maxfield",male,38.0,1,0,19943,90.0,C93,S
249,1,1,"Beckwith, Mr. Richard Leonard",male,37.0,1,1,11751,52.5542,D35,S
299,1,1,"Saalfeld, Mr. Adolphe",male,,0,0,19988,30.5,C106,S
371,1,1,"Harder, Mr. George Achilles",male,25.0,1,0,11765,55.4417,E50,C
391,1,1,"Carter, Mr. William Ernest",male,36.0,1,2,113760,120.0,B96 B98,S
431,1,1,"Bjornstrom-Steffansson, Mr. Mauritz Hakan",male,28.0,0,0,110564,26.55,C52,S
448,1,1,"Seward, Mr. Frederic Kimber",male,34.0,0,0,113794,26.55,,S
450,1,1,"Peuchen, Major. Arthur Godfrey",male,52.0,0,0,113786,30.5,C104,S
454,1,1,"Goldenberg, Mr. Samuel L",male,49.0,1,0,17453,89.1042,C92,C
461,1,1,"Anderson, Mr. Harry",male,48.0,0,0,19952,26.55,E12,S
485,1,1,"Bishop, Mr. Dickinson H",male,25.0,1,0,11967,91.0792,B49,C
508,1,1,"Bradley, Mr. George (""George Arthur Brayton"")",male,,0,0,111427,26.55,,S
513,1,1,"McGough, Mr. James Robert",male,36.0,0,0,PC 17473,26.2875,E25,S
551,1,1,"Thayer, Mr. John Borland Jr",male,17.0,0,2,17421,110.8833,C70,C
573,1,1,"Flynn, Mr. John Irwin (""Irving"")",male,36.0,0,0,PC 17474,26.3875,E25,S
588,1,1,"Frolicher-Stehli, Mr. Maxmillian",male,60.0,1,1,13567,79.2,B41,C
600,1,1,"Duff Gordon, Sir. Cosmo Edmund (""Mr Morgan"")",male,49.0,1,0,PC 17485,56.9292,A20,C
605,1,1,"Homer, Mr. Harry (""Mr E Haven"")",male,35.0,0,0,111426,26.55,,C
608,1,1,"Daniel, Mr. Robert Williams",male,27.0,0,0,113804,30.5,,S
622,1,1,"Kimball, Mr. Edwin Nelson Jr",male,42.0,1,0,11753,52.5542,D19,S
631,1,1,"Barkworth, Mr. Algernon Henry Wilson",male,80.0,0,0,27042,30.0,A23,S
633,1,1,"Stahelin-Maeglin, Dr. Max",male,32.0,0,0,13214,30.5,B50,C
646,1,1,"Harper, Mr. Henry Sleeper",male,48.0,1,0,PC 17572,76.7292,D33,C
648,1,1,"Simonius-Blumer, Col. Oberst Alfons",male,56.0,0,0,13213,35.5,A26,C
661,1,1,"Frauenthal, Dr. Henry William",male,50.0,2,0,PC 17611,133.65,,S
680,1,1,"Cardeza, Mr. Thomas Drake Martinez",male,36.0,0,1,PC 17755,512.3292,B51 B53 B55,C
682,1,1,"Hassab, Mr. Hammad",male,27.0,0,0,PC 17572,76.7292,D49,C
691,1,1,"Dick, Mr. Albert Adrian",male,31.0,1,0,17474,57.0,B20,S
702,1,1,"Silverthorne, Mr. Spencer Victor",male,35.0,0,0,PC 17475,26.2875,E24,S
708,1,1,"Calderhead, Mr. Edward Pennington",male,42.0,0,0,PC 17476,26.2875,E24,S
713,1,1,"Taylor, Mr. Elmer Zebley",male,48.0,1,0,19996,52.0,C126,S
725,1,1,"Chambers, Mr. Norman Campbell",male,27.0,1,0,113806,53.1,E8,S
738,1,1,"Lesurer, Mr. Gustave J",male,35.0,0,0,PC 17755,512.3292,B101,C
741,1,1,"Hawksford, Mr. Walter James",male,,0,0,16988,30.0,D45,S
840,1,1,"Marechal, Mr. Pierre",male,,0,0,11774,29.7,C47,C
858,1,1,"Daly, Mr. Peter Denis ",male,51.0,0,0,113055,26.55,E17,S
890,1,1,"Behr, Mr. Karl Howell",male,26.0,0,0,111369,30.0,C148,C
18,1,2,"Williams, Mr. Charles Eugene",male,,0,0,244373,13.0,,S
22,1,2,"Beesley, Mr. Lawrence",male,34.0,0,0,248698,13.0,D56,S
227,1,2,"Mellors, Mr. William John",male,19.0,0,0,SW/PP 751,10.5,,S
289,1,2,"Hosono, Mr. Masabumi",male,42.0,0,0,237798,13.0,,S
544,1,2,"Beane, Mr. Edward",male,32.0,1,0,2908,26.0,,S
548,1,2,"Padro y Manent, Mr. Julian",male,,0,0,SC/PARIS 2146,13.8625,,C
571,1,2,"Harris, Mr. George",male,62.0,0,0,S.W./PP 752,10.5,,S
674,1,2,"Wilhelms, Mr. Charles",male,31.0,0,0,244270,13.0,,S
37,1,3,"Mamee, Mr. Hanna",male,,0,0,2677,7.2292,,C
75,1,3,"Bing, Mr. Lee",male,32.0,0,0,1601,56.4958,,S
82,1,3,"Sheerlinck, Mr. Jan Baptist",male,29.0,0,0,345779,9.5,,S
108,1,3,"Moss, Mr. Albert Johan",male,,0,0,312991,7.775,,S
128,1,3,"Madsen, Mr. Fridtjof Arne",male,24.0,0,0,C 17369,7.1417,,S
147,1,3,"Andersson, Mr. August Edvard (""Wennerstrom"")",male,27.0,0,0,350043,7.7958,,S
205,1,3,"Cohen, Mr. Gurshon ""Gus""",male,18.0,0,0,A/5 3540,8.05,,S
208,1,3,"Albimona, Mr. Nassef Cassem",male,26.0,0,0,2699,18.7875,,C
221,1,3,"Sunderland, Mr. Victor Francis",male,16.0,0,0,SOTON/OQ 392089,8.05,,S
262,1,3,"Asplund, Master. Edvin Rojj Felix",male,3.0,4,2,347077,31.3875,,S
268,1,3,"Persson, Mr. Ernst Ulrik",male,25.0,1,0,347083,7.775,,S
272,1,3,"Tornquist, Mr. William Henry",male,25.0,0,0,LINE,0.0,,S
284,1,3,"Dorking, Mr. Edward Arthur",male,19.0,0,0,A/5. 10482,8.05,,S
287,1,3,"de Mulder, Mr. Theodore",male,30.0,0,0,345774,9.5,,S
302,1,3,"McCoy, Mr. Bernard",male,,2,0,367226,23.25,,Q
339,1,3,"Dahl, Mr. Karl Edwart",male,45.0,0,0,7598,8.05,,S
392,1,3,"Jansson, Mr. Carl Olof",male,21.0,0,0,350034,7.7958,,S
401,1,3,"Niskanen, Mr. Juha",male,39.0,0,0,STON/O 2. 3101289,7.925,,S
415,1,3,"Sundman, Mr. Johan Julian",male,44.0,0,0,STON/O 2. 3101269,7.925,,S
430,1,3,"Pickard, Mr. Berk (Berk Trembisky)",male,32.0,0,0,SOTON/O.Q. 392078,8.05,E10,S
445,1,3,"Johannesen-Bratthammer, Mr. Bernt",male,,0,0,65306,8.1125,,S
456,1,3,"Jalsevac, Mr. Ivan",male,29.0,0,0,349240,7.8958,,C
510,1,3,"Lang, Mr. Fang",male,26.0,0,0,1601,56.4958,,S
511,1,3,"Daly, Mr. Eugene Patrick",male,29.0,0,0,382651,7.75,,Q
554,1,3,"Leeni, Mr. Fahim (""Philip Zenni"")",male,22.0,0,0,2620,7.225,,C
570,1,3,"Jonsson, Mr. Carl",male,32.0,0,0,350417,7.8542,,S
580,1,3,"Jussila, Mr. Eiriik",male,32.0,0,0,STON/O 2. 3101286,7.925,,S
623,1,3,"Nakid, Mr. Sahid",male,20.0,1,1,2653,15.7417,,C
644,1,3,"Foo, Mr. Choong",male,,0,0,1601,56.4958,,S
665,1,3,"Lindqvist, Mr. Eino William",male,20.0,1,0,STON/O 2. 3101285,7.925,,S
693,1,3,"Lam, Mr. Ali",male,,0,0,1601,56.4958,,S
745,1,3,"Stranden, Mr. Juho",male,31.0,0,0,STON/O 2. 3101288,7.925,,S
763,1,3,"Barah, Mr. Hanna Assi",male,20.0,0,0,2663,7.2292,,C
805,1,3,"Hedman, Mr. Oskar Arvid",male,27.0,0,0,347089,6.975,,S
822,1,3,"Lulic, Mr. Nikola",male,27.0,0,0,315098,8.6625,,S
829,1,3,"McCormack, Mr. Thomas Joseph",male,,0,0,367228,7.75,,Q
839,1,3,"Chip, Mr. Chang",male,32.0,0,0,1601,56.4958,,S
